name,type,direction,description
smi_00,string,,Compound index 0 queried with SmallWorld against the Enamine REAL chemical space
smi_01,string,,Compound index 1 queried with SmallWorld against the Enamine REAL chemical space
smi_02,string,,Compound index 2 queried with SmallWorld against the Enamine REAL chemical space
smi_03,string,,Compound index 3 queried with SmallWorld against the Enamine REAL chemical space
smi_04,string,,Compound index 4 queried with SmallWorld against the Enamine REAL chemical space
smi_05,string,,Compound index 5 queried with SmallWorld against the Enamine REAL chemical space
smi_06,string,,Compound index 6 queried with SmallWorld against the Enamine REAL chemical space
smi_07,string,,Compound index 7 queried with SmallWorld against the Enamine REAL chemical space
smi_08,string,,Compound index 8 queried with SmallWorld against the Enamine REAL chemical space
smi_09,string,,Compound index 9 queried with SmallWorld against the Enamine REAL chemical space
smi_10,string,,Compound index 10 queried with SmallWorld against the Enamine REAL chemical space
smi_11,string,,Compound index 11 queried with SmallWorld against the Enamine REAL chemical space
smi_12,string,,Compound index 12 queried with SmallWorld against the Enamine REAL chemical space
smi_13,string,,Compound index 13 queried with SmallWorld against the Enamine REAL chemical space
smi_14,string,,Compound index 14 queried with SmallWorld against the Enamine REAL chemical space
smi_15,string,,Compound index 15 queried with SmallWorld against the Enamine REAL chemical space
smi_16,string,,Compound index 16 queried with SmallWorld against the Enamine REAL chemical space
smi_17,string,,Compound index 17 queried with SmallWorld against the Enamine REAL chemical space
smi_18,string,,Compound index 18 queried with SmallWorld against the Enamine REAL chemical space
smi_19,string,,Compound index 19 queried with SmallWorld against the Enamine REAL chemical space
smi_20,string,,Compound index 20 queried with SmallWorld against the Enamine REAL chemical space
smi_21,string,,Compound index 21 queried with SmallWorld against the Enamine REAL chemical space
smi_22,string,,Compound index 22 queried with SmallWorld against the Enamine REAL chemical space
smi_23,string,,Compound index 23 queried with SmallWorld against the Enamine REAL chemical space
smi_24,string,,Compound index 24 queried with SmallWorld against the Enamine REAL chemical space
smi_25,string,,Compound index 25 queried with SmallWorld against the Enamine REAL chemical space
smi_26,string,,Compound index 26 queried with SmallWorld against the Enamine REAL chemical space
smi_27,string,,Compound index 27 queried with SmallWorld against the Enamine REAL chemical space
smi_28,string,,Compound index 28 queried with SmallWorld against the Enamine REAL chemical space
smi_29,string,,Compound index 29 queried with SmallWorld against the Enamine REAL chemical space
smi_30,string,,Compound index 30 queried with SmallWorld against the Enamine REAL chemical space
smi_31,string,,Compound index 31 queried with SmallWorld against the Enamine REAL chemical space
smi_32,string,,Compound index 32 queried with SmallWorld against the Enamine REAL chemical space
smi_33,string,,Compound index 33 queried with SmallWorld against the Enamine REAL chemical space
smi_34,string,,Compound index 34 queried with SmallWorld against the Enamine REAL chemical space
smi_35,string,,Compound index 35 queried with SmallWorld against the Enamine REAL chemical space
smi_36,string,,Compound index 36 queried with SmallWorld against the Enamine REAL chemical space
smi_37,string,,Compound index 37 queried with SmallWorld against the Enamine REAL chemical space
smi_38,string,,Compound index 38 queried with SmallWorld against the Enamine REAL chemical space
smi_39,string,,Compound index 39 queried with SmallWorld against the Enamine REAL chemical space
smi_40,string,,Compound index 40 queried with SmallWorld against the Enamine REAL chemical space
smi_41,string,,Compound index 41 queried with SmallWorld against the Enamine REAL chemical space
smi_42,string,,Compound index 42 queried with SmallWorld against the Enamine REAL chemical space
smi_43,string,,Compound index 43 queried with SmallWorld against the Enamine REAL chemical space
smi_44,string,,Compound index 44 queried with SmallWorld against the Enamine REAL chemical space
smi_45,string,,Compound index 45 queried with SmallWorld against the Enamine REAL chemical space
smi_46,string,,Compound index 46 queried with SmallWorld against the Enamine REAL chemical space
smi_47,string,,Compound index 47 queried with SmallWorld against the Enamine REAL chemical space
smi_48,string,,Compound index 48 queried with SmallWorld against the Enamine REAL chemical space
smi_49,string,,Compound index 49 queried with SmallWorld against the Enamine REAL chemical space
smi_50,string,,Compound index 50 queried with SmallWorld against the Enamine REAL chemical space
smi_51,string,,Compound index 51 queried with SmallWorld against the Enamine REAL chemical space
smi_52,string,,Compound index 52 queried with SmallWorld against the Enamine REAL chemical space
smi_53,string,,Compound index 53 queried with SmallWorld against the Enamine REAL chemical space
smi_54,string,,Compound index 54 queried with SmallWorld against the Enamine REAL chemical space
smi_55,string,,Compound index 55 queried with SmallWorld against the Enamine REAL chemical space
smi_56,string,,Compound index 56 queried with SmallWorld against the Enamine REAL chemical space
smi_57,string,,Compound index 57 queried with SmallWorld against the Enamine REAL chemical space
smi_58,string,,Compound index 58 queried with SmallWorld against the Enamine REAL chemical space
smi_59,string,,Compound index 59 queried with SmallWorld against the Enamine REAL chemical space
smi_60,string,,Compound index 60 queried with SmallWorld against the Enamine REAL chemical space
smi_61,string,,Compound index 61 queried with SmallWorld against the Enamine REAL chemical space
smi_62,string,,Compound index 62 queried with SmallWorld against the Enamine REAL chemical space
smi_63,string,,Compound index 63 queried with SmallWorld against the Enamine REAL chemical space
smi_64,string,,Compound index 64 queried with SmallWorld against the Enamine REAL chemical space
smi_65,string,,Compound index 65 queried with SmallWorld against the Enamine REAL chemical space
smi_66,string,,Compound index 66 queried with SmallWorld against the Enamine REAL chemical space
smi_67,string,,Compound index 67 queried with SmallWorld against the Enamine REAL chemical space
smi_68,string,,Compound index 68 queried with SmallWorld against the Enamine REAL chemical space
smi_69,string,,Compound index 69 queried with SmallWorld against the Enamine REAL chemical space
smi_70,string,,Compound index 70 queried with SmallWorld against the Enamine REAL chemical space
smi_71,string,,Compound index 71 queried with SmallWorld against the Enamine REAL chemical space
smi_72,string,,Compound index 72 queried with SmallWorld against the Enamine REAL chemical space
smi_73,string,,Compound index 73 queried with SmallWorld against the Enamine REAL chemical space
smi_74,string,,Compound index 74 queried with SmallWorld against the Enamine REAL chemical space
smi_75,string,,Compound index 75 queried with SmallWorld against the Enamine REAL chemical space
smi_76,string,,Compound index 76 queried with SmallWorld against the Enamine REAL chemical space
smi_77,string,,Compound index 77 queried with SmallWorld against the Enamine REAL chemical space
smi_78,string,,Compound index 78 queried with SmallWorld against the Enamine REAL chemical space
smi_79,string,,Compound index 79 queried with SmallWorld against the Enamine REAL chemical space
smi_80,string,,Compound index 80 queried with SmallWorld against the Enamine REAL chemical space
smi_81,string,,Compound index 81 queried with SmallWorld against the Enamine REAL chemical space
smi_82,string,,Compound index 82 queried with SmallWorld against the Enamine REAL chemical space
smi_83,string,,Compound index 83 queried with SmallWorld against the Enamine REAL chemical space
smi_84,string,,Compound index 84 queried with SmallWorld against the Enamine REAL chemical space
smi_85,string,,Compound index 85 queried with SmallWorld against the Enamine REAL chemical space
smi_86,string,,Compound index 86 queried with SmallWorld against the Enamine REAL chemical space
smi_87,string,,Compound index 87 queried with SmallWorld against the Enamine REAL chemical space
smi_88,string,,Compound index 88 queried with SmallWorld against the Enamine REAL chemical space
smi_89,string,,Compound index 89 queried with SmallWorld against the Enamine REAL chemical space
smi_90,string,,Compound index 90 queried with SmallWorld against the Enamine REAL chemical space
smi_91,string,,Compound index 91 queried with SmallWorld against the Enamine REAL chemical space
smi_92,string,,Compound index 92 queried with SmallWorld against the Enamine REAL chemical space
smi_93,string,,Compound index 93 queried with SmallWorld against the Enamine REAL chemical space
smi_94,string,,Compound index 94 queried with SmallWorld against the Enamine REAL chemical space
smi_95,string,,Compound index 95 queried with SmallWorld against the Enamine REAL chemical space
smi_96,string,,Compound index 96 queried with SmallWorld against the Enamine REAL chemical space
smi_97,string,,Compound index 97 queried with SmallWorld against the Enamine REAL chemical space
smi_98,string,,Compound index 98 queried with SmallWorld against the Enamine REAL chemical space
smi_99,string,,Compound index 99 queried with SmallWorld against the Enamine REAL chemical space
